{
	"info": {
		"_postman_id": "06a325e0-11f4-4ac8-b260-7fba4c45337f",
		"name": "Vivo",
		"schema": "https://schema.getpostman.com/json/collection/v2.1.0/collection.json"
	},
	"item": [
		{
			"name": "ConsultaCEP",
			"event": [
				{
					"listen": "prerequest",
					"script": {
						"exec": [
							"console.log(\"cep: \" + pm.environment.get(\"cep\"));"
						],
						"type": "text/javascript"
					}
				},
				{
					"listen": "test",
					"script": {
						"exec": [
							"pm.test(\"Status code 200\", () => {\r",
							"    pm.response.to.have.status(200);\r",
							"})\r",
							"\r",
							"var response = xml2Json(responseBody);\r",
							"response = response[\"soap:Envelope\"][\"soap:Body\"][\"ns2:consultaCEPResponse\"][\"return\"];    \r",
							"\r",
							"pm.test(\"Validar contrato\", function() {\r",
							"    pm.expect(response.bairro).to.not.equal(null);    \r",
							"    pm.expect(response.bairro).to.be.a('string');\r",
							"    pm.expect(response.cep).to.not.equal(null);    \r",
							"    pm.expect(parseInt(response.cep)).to.be.a(\"number\");\r",
							"    pm.expect(response.cidade).to.not.equal(null);    \r",
							"    pm.expect(response.cidade).to.be.a('string');\r",
							"    pm.expect(response.complemento2).to.not.equal(null);    \r",
							"    pm.expect(response.complemento2).to.be.a('string');\r",
							"    pm.expect(response.end).to.not.equal(null);    \r",
							"    pm.expect(response.end).to.be.a('string');\r",
							"    pm.expect(response.uf).to.not.equal(null);    \r",
							"    pm.expect(response.uf).to.be.a('string');\r",
							"});\r",
							"\r",
							"pm.test(\"Verificar o bairro\", function() {\r",
							"    pm.expect(response.bairro).to.not.equal(null);    \r",
							"    pm.expect(response.bairro).to.eql(pm.environment.get(\"bairro\"));\r",
							"    console.log(\"Bairro : \" + response.bairro);\r",
							"});\r",
							"\r",
							"pm.test(\"Verificar o CEP\", function() {\r",
							"    pm.expect(response.cep).to.not.equal(null);    \r",
							"    pm.expect(response.cep).to.eql(pm.environment.get(\"cep\"));\r",
							"    console.log(\"CEP: \" + response.cep);\r",
							"});\r",
							"\r",
							"pm.test(\"Verificar o cidade\", function() {\r",
							"    pm.expect(response.cidade).to.not.equal(null);    \r",
							"    pm.expect(response.cidade).to.eql(pm.environment.get(\"cidade\"));\r",
							"    console.log(\"Cidade: \" + response.cidade);\r",
							"});\r",
							"\r",
							"pm.test(\"Verificar o complemento2\", function() {\r",
							"    pm.expect(response.complemento2).to.not.equal(null);    \r",
							"    pm.expect(response.complemento2).to.eql(pm.environment.get(\"complemento2\"));\r",
							"    console.log(\"Complemento2: \" + response.complemento2);\r",
							"});\r",
							"\r",
							"pm.test(\"Verificar o endereço\", function() {\r",
							"    pm.expect(response.end).to.not.equal(null);    \r",
							"    pm.expect(response.end).to.eql(pm.environment.get(\"end\"));\r",
							"    console.log(\"Endereço: \" + response.end);\r",
							"});\r",
							"\r",
							"pm.test(\"Verificar o UF\", function() {\r",
							"    pm.expect(response.uf).to.not.equal(null);    \r",
							"    pm.expect(response.uf).to.eql(pm.environment.get(\"uf\"));\r",
							"    console.log(\"UF: \" + response.uf);\r",
							"});\r",
							"\r",
							"\r",
							"\r",
							"\r",
							"\r",
							""
						],
						"type": "text/javascript"
					}
				}
			],
			"request": {
				"method": "POST",
				"header": [],
				"body": {
					"mode": "raw",
					"raw": "<soapenv:Envelope xmlns:soapenv=\"http://schemas.xmlsoap.org/soap/envelope/\" xmlns:cli=\"http://cliente.bean.master.sigep.bsb.correios.com.br/\">\r\n   <soapenv:Header/>\r\n   <soapenv:Body>\r\n      <cli:consultaCEP>\r\n         <!--Optional:-->\r\n         <cep>{{cep}}</cep>\r\n      </cli:consultaCEP>\r\n   </soapenv:Body>\r\n</soapenv:Envelope>"
				},
				"url": {
					"raw": "https://apps.correios.com.br/SigepMasterJPA/AtendeClienteService/AtendeCliente",
					"protocol": "https",
					"host": [
						"apps",
						"correios",
						"com",
						"br"
					],
					"path": [
						"SigepMasterJPA",
						"AtendeClienteService",
						"AtendeCliente"
					]
				}
			},
			"response": []
		}
	]
}