{
	"id": "bb2d9a74-81be-4bf8-bc82-a44fd74799da",
	"name": "VivoEnvironment",
	"values": [
		{
			"key": "cep",
			"value": "88117310",
			"enabled": true
		},
		{
			"key": "bairro",
			"value": "Barreiros",
			"enabled": true
		},
		{
			"key": "cep",
			"value": "88117310",
			"enabled": true
		},
		{
			"key": "cidade",
			"value": "São José",
			"enabled": true
		},
		{
			"key": "complemento2",
			"value": "- até 1149/1150",
			"enabled": true
		},
		{
			"key": "end",
			"value": "Rua Coronel Américo",
			"enabled": true
		},
		{
			"key": "uf",
			"value": "SC",
			"enabled": true
		}
	],
	"_postman_variable_scope": "environment",
	"_postman_exported_at": "2021-12-03T11:25:40.532Z",
	"_postman_exported_using": "Postman/7.36.5"
}